model_name,m4_1
BaselineNaive_0,0.019777394181454678
BaselineNaive_1,0.019777394181454678
